{"0": 0.8260701517054788, "1": 0.7554353077592038, "2": 0.7335974490288917, "3": 0.7258672335491352, "4": 0.7224852642767416, "5": 0.7200695719393178, "6": 0.7158179534254517, "7": 0.7111798241375978, "8": 0.704222630205817, "9": 0.7003575224659387, "10": 0.6987148516764905, "11": 0.6914677746642188, "12": 0.6863465069088801, "13": 0.6841240699584501, "14": 0.6765871098656875, "15": 0.666537829742004, "16": 0.6649917866460527, "17": 0.6589042419557445, "18": 0.6495313556865397, "19": 0.6360034785969659, "20": 0.6429606725287467, "21": 0.6206396753309498, "22": 0.618127355300029, "23": 0.6103971398202725, "24": 0.6103005121267755, "25": 0.5992849550681225, "26": 0.5873997487679969, "27": 0.5684607208425935, "28": 0.5587979514928978, "29": 0.545270074403324, "30": 0.549714948304184, "31": 0.5585080684124071, "32": 0.5592810899603826, "33": 0.5536766837375592, "34": 0.5481689052082327, "35": 0.5581215576384192, "36": 0.5555126099140013, "37": 0.5469127451927722, "38": 0.5548362160595226, "39": 0.5555126099140013, "40": 0.5534834283505653, "41": 0.5520340129481109, "42": 0.5583148130254131, "43": 0.5498115759976809, "44": 0.5569620253164558, "45": 0.5608271330563339, "46": 0.5532901729635713, "47": 0.5494250652236932, "48": 0.5518407575611171, "49": 0.5601507392018552}