{"0": 0.732921055174413, "1": 0.681998260701517}