{"0": 0.6992946178374722, "1": 0.6425741617547589}