{"0": 0.7566914677746642, "1": 0.7207459657937965}