{"0": 0.8106097207459658, "1": 0.7578510000966276, "2": 0.7239346796791961, "3": 0.7127258672335491, "4": 0.7128224949270461, "5": 0.7114697072180887, "6": 0.6851869745869166, "7": 0.6857667407478983, "8": 0.6787129191226206, "9": 0.6573581988597932, "10": 0.6463426418011402, "11": 0.6428640448352498, "12": 0.6194801430089864, "13": 0.6074983090153638, "14": 0.6012175089380616, "15": 0.5942603150062808, "16": 0.5869166103005121, "17": 0.5676876992946178, "18": 0.5696202531645569, "19": 0.5593777176538797, "20": 0.5488452990627114, "21": 0.5488452990627114, "22": 0.543240892839888, "23": 0.5194704802396366, "24": 0.5329017296357136, "25": 0.5050729539085902, "26": 0.49705285534834287, "27": 0.4750217412310368, "28": 0.4808194028408542, "29": 0.47289593197410373, "30": 0.4758913904725094, "31": 0.4700937288626921, "32": 0.46603536573581994, "33": 0.47627790124649727, "34": 0.4756981350855155, "35": 0.47289593197410373, "36": 0.46941733500821337, "37": 0.46584211034882594, "38": 0.4683544303797469, "39": 0.46690501497729253, "40": 0.47183302734563726, "41": 0.4741520919895642, "42": 0.4672915257512803, "43": 0.4617837472219538, "44": 0.4664218765098077, "45": 0.46381292878538993, "46": 0.465745482655329, "47": 0.47270267658710985, "48": 0.46381292878538993, "49": 0.4776306889554547}